<?xml version="1.0" encoding="UTF-8"?>
<project-private xmlns="http://www.netbeans.org/ns/project-private/1">
    <editor-bookmarks xmlns="http://www.netbeans.org/ns/editor-bookmarks/2" lastBookmarkId="0"/>
    <open-files xmlns="http://www.netbeans.org/ns/projectui-open-files/2">
        <group>
            <file>file:/C:/Users/sahil/Documents/NetBeansProjects/HiringSystem/src/hiringsystem/Staff.java</file>
            <file>file:/C:/Users/sahil/Documents/NetBeansProjects/HiringSystem/src/hiringsystem/FullTimeStaffHire.java</file>
            <file>file:/C:/Users/sahil/Documents/NetBeansProjects/HiringSystem/src/hiringsystem/SetSalary.java</file>
            <file>file:/C:/Users/sahil/Documents/NetBeansProjects/HiringSystem/src/hiringsystem/StaffHire.java</file>
            <file>file:/C:/Users/sahil/Documents/NetBeansProjects/HiringSystem/src/hiringsystem/PartTimeStaffHire.java</file>
            <file>file:/C:/Users/sahil/Documents/NetBeansProjects/HiringSystem/src/hiringsystem/setworkingshifts.java</file>
        </group>
    </open-files>
</project-private>
